﻿<?xml version="1.0"?>
<!DOCTYPE Report
[
<!ELEMENT Report (General ,(Doc|BPT)) >
<!ATTLIST Report ver CDATA #REQUIRED tmZone CDATA #REQUIRED>

<!ELEMENT General ( DocLocation ) >
<!ATTLIST General productName CDATA #REQUIRED productVer CDATA #REQUIRED os CDATA #REQUIRED host CDATA #REQUIRED qcserver CDATA #IMPLIED qcproject CDATA #IMPLIED SolManSolutionId CDATA #IMPLIED SolManProjectId CDATA #IMPLIED SolManTestPlanId CDATA #IMPLIED SolManTestPackageId CDATA #IMPLIED SolManUserInfoData CDATA #IMPLIED  >

<!ELEMENT BPT (DName,Res,DVer?,TSet?,TInst?,NodeArgs,AdditionalInfo*,Doc*) >
<!ATTLIST BPT rID ID #REQUIRED >

<!ELEMENT Doc (DName,ConfName?,Res,DVer?,TSet?,TInst?,RunType?,DT?,AdditionalInfo*,Step*,DIter*,Step*,Action*,Doc*,Summary?,TestMaintenanceSummary*,NodeArgs?) >
<!ATTLIST Doc rID ID #REQUIRED type (Test|BC|BPTWrapperTest|Flow|Group|Action) "Test" productName CDATA #REQUIRED BCIter CDATA #IMPLIED >

<!ELEMENT RunType ( #PCDATA )>
<!ATTLIST RunType fmStep (False|True) "False" batch (False|True) "False" upDesc (False|True) "False" upChk (False|True) "False" upAS (False|True) "False">

<!ELEMENT DName ( #PCDATA ) >

<!ELEMENT ConfName ( #PCDATA ) >

<!ELEMENT Res ( #PCDATA ) >

<!ELEMENT AdditionalInfo (AdditionalDataName,AdditionalDataValue ) >

<!ELEMENT AdditionalDataName ( #PCDATA ) >

<!ELEMENT AdditionalDataValue ( #PCDATA ) >

<!ELEMENT DVer ( #PCDATA ) >

<!ELEMENT TSet ( #PCDATA ) >

<!ELEMENT TInst ( #PCDATA ) >

<!ELEMENT DIter (Step*,Action+,Summary?,NodeArgs)>
<!ATTLIST DIter rID ID #REQUIRED iterID CDATA #REQUIRED>

<!ELEMENT DocLocation ( #PCDATA )>

<!ELEMENT Action (AName,AIter*,(Step|HtmlStep|Action)*, Summary,ActionMaintenanceSummary*, NodeArgs ) >
<!ATTLIST Action rID ID #REQUIRED>

<!ELEMENT AIter ((Step|HtmlStep|Action)*,DataMapping?, Summary?,NodeArgs) >
<!ATTLIST AIter rID ID #REQUIRED iterID CDATA #REQUIRED isCountable (False|True) "False" >

<!ELEMENT AName ( #PCDATA ) >

<!ELEMENT TestMaintenanceSummary (ActionMaintenanceSummary*) >
<!ATTLIST TestMaintenanceSummary ObjectsAdded CDATA #REQUIRED ObjectsUpdated CDATA #REQUIRED StepsUpdated CDATA #REQUIRED StepsComments CDATA #REQUIRED><!ELEMENT ActionMaintenanceSummary (ObjectChange* ) >
<!ATTLIST ActionMaintenanceSummary Action CDATA #REQUIRED Objects CDATA #REQUIRED Updated CDATA #REQUIRED LinesTotal CDATA #REQUIRED Added CDATA #REQUIRED LinesUpdated CDATA #REQUIRED>

<!ELEMENT ObjectChange  (Hierarchy, PropertyChangeList* ) >
<!ATTLIST ObjectChange Operation CDATA #IMPLIED OriginalRepository CDATA #IMPLIED>

<!ELEMENT PropertyChangeList (PropertyDef*) >

<!ELEMENT PropertyDef (OriginalValue, NewValue) >
<!ATTLIST PropertyDef PropName CDATA #REQUIRED OriginRegularExpression (True|False) "False" NewRegularExpression (True|False) "False" AddedProperty (True|False) "False" >

<!ELEMENT OriginalValue ( #PCDATA )>

<!ELEMENT NewValue ( #PCDATA )>

<!ELEMENT Hierarchy  (ObjectName, Hierarchy*) >
<!ATTLIST Hierarchy MicClass CDATA #REQUIRED>

<!ELEMENT ObjectName  ( #PCDATA ) >

<!ELEMENT Step (Obj,Details,Time,TimeTick* ,(Step|HtmlStep|Doc)*, DataMapping?, NodeArgs) >
<!ATTLIST Step rID ID #REQUIRED retval CDATA #IMPLIED>

<!ELEMENT HtmlStep (HTML,TimeTick*,(Step|HtmlStep|Doc)*,NodeArgs) >
<!ATTLIST HtmlStep rID ID #REQUIRED >

<!ELEMENT Obj ( #PCDATA ) >
<!ATTLIST Obj plainTxt (False|True) "True">

<!ELEMENT Details ( #PCDATA ) >
<!ATTLIST Details plainTxt (False|True) "True">

<!ELEMENT Time ( #PCDATA ) >

<!ELEMENT HTML ( #PCDATA ) >

<!ELEMENT Disp ( #PCDATA ) >

<!ELEMENT TimeTick ( #PCDATA ) >

<!ELEMENT DataMapping ( DataMappedItem* )>
<!ELEMENT DataMappedItem EMPTY >
<!ATTLIST DataMappedItem dsName CDATA #REQUIRED >
<!ATTLIST DataMappedItem rowId CDATA #REQUIRED >

<!ELEMENT NodeArgs (Disp,TopPane?,BtmPane?,ExtendedInfo? )>
<!ATTLIST NodeArgs eType CDATA #REQUIRED icon CDATA #REQUIRED nRep CDATA #REQUIRED UserNote CDATA #IMPLIED filter (False|True) "True">
<!ATTLIST NodeArgs status (Passed|Failed|Done|Warning|Information) "Done">
<!ATTLIST NodeArgs iconSel CDATA #IMPLIED nType CDATA #IMPLIED MovieMarker CDATA "">
<!ATTLIST NodeArgs Source CDATA #IMPLIED SourceLine CDATA #IMPLIED StepFlowItemKey CDATA #IMPLIED >

<!ELEMENT TopPane (Path)>

<!ELEMENT BtmPane ( (Path|WR)?,ASHilite?)>
<!ATTLIST BtmPane vType CDATA "HTML">

<!ELEMENT Path ( #PCDATA ) >

<!ELEMENT ASHilite ( #PCDATA ) >

<!ELEMENT WR ( #PCDATA ) >

<!ELEMENT ExtendedInfo ( StepData ) >

<!ATTLIST ExtendedInfo StepType CDATA #REQUIRED>
<!ELEMENT DT (NodeArgs) >
<!ATTLIST DT rID ID #REQUIRED>

<!ELEMENT Summary (Param*)>
<!ATTLIST Summary sTime CDATA #IMPLIED eTime CDATA #IMPLIED passed CDATA #IMPLIED failed CDATA #IMPLIED warnings CDATA #IMPLIED retval CDATA #IMPLIED stopped (False|True) "False" >

<!ELEMENT Param (ParamName,ParamVal)+ >
<!ATTLIST Param paramInOut (In|Out) "In">

<!ELEMENT ParamName ( #PCDATA ) >

<!ELEMENT ParamVal ( #PCDATA ) >

]
>
<Report ver="2.0" tmZone="W. Europe Standard Time">
<General productName="Vugen" productVer="2025" os="" host="LAPTOP-QMAG91TC"><DocLocation><![CDATA[C:\Users\Mitesh Gupta\Downloads\Payal\Bol_Assess_Dam]]></DocLocation></General>
<Doc rID="T1"   productName= "Vugen"  >
<DName><![CDATA[Bol_Assess_Dam]]></DName>
<Res><![CDATA[result1]]></Res>
<Action rID="T2">
<AName><![CDATA[Init]]></AName>
<Summary sTime="31-03-2025 - 18:59:29" eTime="31-03-2025 - 18:59:29" passed="0" failed="0" warnings="0" ></Summary>
<NodeArgs eType="StartAction" icon="2" nRep="5" >
<Disp><![CDATA[Init Summary]]></Disp>
</NodeArgs>
</Action>
<DIter rID="T3" iterID="1" >
<Action rID="T4">
<AName><![CDATA[Action]]></AName>
<Step rID="T5">
<Obj plainTxt="False" ><![CDATA[Resize]]></Obj>
<Details plainTxt="False" ><![CDATA[1: Resize browser window to 1900px / 1000px was finished]]></Details>
<Time><![CDATA[31-03-2025 - 18:59:31]]></Time>
<TimeTick>1743440371</TimeTick>
<NodeArgs eType="General" icon="0" nRep="9" status="Passed" >
<Disp><![CDATA[Resize]]></Disp>
</NodeArgs>
</Step>
<Step rID="T6">
<Obj plainTxt="False" ><![CDATA[Navigate]]></Obj>
<Details plainTxt="False" ><![CDATA[2: Navigate to https://www.bol.com/nl/nl/ was finished]]></Details>
<Time><![CDATA[31-03-2025 - 18:59:32]]></Time>
<TimeTick>1743440372</TimeTick>
<NodeArgs eType="General" icon="0" nRep="10" status="Passed" >
<Disp><![CDATA[Navigate]]></Disp>
</NodeArgs>
</Step>
<Step rID="T7">
<Obj plainTxt="False" ><![CDATA[Click]]></Obj>
<Details plainTxt="False" ><![CDATA[5: Click on Alles accepteren button was finished]]></Details>
<Time><![CDATA[31-03-2025 - 18:59:39]]></Time>
<TimeTick>1743440379</TimeTick>
<NodeArgs eType="General" icon="0" nRep="11" status="Passed" >
<Disp><![CDATA[Click]]></Disp>
</NodeArgs>
</Step>
<Step rID="T8">
<Obj plainTxt="False" ><![CDATA[Wait]]></Obj>
<Details plainTxt="False" ><![CDATA[8: Wait until Waar ben je naar op zoek? textbox exists was finished]]></Details>
<Time><![CDATA[31-03-2025 - 18:59:39]]></Time>
<TimeTick>1743440379</TimeTick>
<NodeArgs eType="General" icon="0" nRep="12" status="Passed" >
<Disp><![CDATA[Wait]]></Disp>
</NodeArgs>
</Step>
<Step rID="T9">
<Obj plainTxt="False" ><![CDATA[Type]]></Obj>
<Details plainTxt="False" ><![CDATA[13: Type warehouse in Waar ben je naar op zoek? textbox was finished]]></Details>
<Time><![CDATA[31-03-2025 - 18:59:47]]></Time>
<TimeTick>1743440387</TimeTick>
<NodeArgs eType="General" icon="0" nRep="13" status="Passed" >
<Disp><![CDATA[Type]]></Disp>
</NodeArgs>
</Step>
<Step rID="T10">
<Obj plainTxt="False" ><![CDATA[Press Key]]></Obj>
<Details plainTxt="False" ><![CDATA[15: Press key Enter on Waar ben je naar op zoek? textbox was finished]]></Details>
<Time><![CDATA[31-03-2025 - 18:59:48]]></Time>
<TimeTick>1743440388</TimeTick>
<NodeArgs eType="General" icon="0" nRep="14" status="Passed" >
<Disp><![CDATA[Press Key]]></Disp>
</NodeArgs>
</Step>
<Step rID="T11">
<Obj plainTxt="False" ><![CDATA[Get Property]]></Obj>
<Details plainTxt="False" ><![CDATA[18: Get Visible Text from ItemSearchCount  was finished]]></Details>
<Time><![CDATA[31-03-2025 - 18:59:52]]></Time>
<TimeTick>1743440392</TimeTick>
<NodeArgs eType="General" icon="0" nRep="15" status="Passed" >
<Disp><![CDATA[Get Property]]></Disp>
</NodeArgs>
</Step>
<Step rID="T12">
<Obj plainTxt="False" ><![CDATA[Click]]></Obj>
<Details plainTxt="False" ><![CDATA[22: Click on FirstItem link was finished]]></Details>
<Time><![CDATA[31-03-2025 - 19:00:00]]></Time>
<TimeTick>1743440400</TimeTick>
<NodeArgs eType="General" icon="0" nRep="16" status="Passed" >
<Disp><![CDATA[Click]]></Disp>
</NodeArgs>
</Step>
<Step rID="T13">
<Obj plainTxt="False" ><![CDATA[Go Back]]></Obj>
<Details plainTxt="False" ><![CDATA[24: Go Back a page was finished]]></Details>
<Time><![CDATA[31-03-2025 - 19:00:08]]></Time>
<TimeTick>1743440408</TimeTick>
<NodeArgs eType="General" icon="0" nRep="17" status="Passed" >
<Disp><![CDATA[Go Back]]></Disp>
</NodeArgs>
</Step>
<Step rID="T14">
<Obj plainTxt="False" ><![CDATA[Click]]></Obj>
<Details plainTxt="False" ><![CDATA[27: Click on Random link was finished]]></Details>
<Time><![CDATA[31-03-2025 - 19:00:16]]></Time>
<TimeTick>1743440416</TimeTick>
<NodeArgs eType="General" icon="0" nRep="18" status="Passed" >
<Disp><![CDATA[Click]]></Disp>
</NodeArgs>
</Step>
<Step rID="T15">
<Obj plainTxt="False" ><![CDATA[Navigate]]></Obj>
<Details plainTxt="False" ><![CDATA[1.1: Navigate to https://www.bol.com/nl/nl/ was finished]]></Details>
<Time><![CDATA[31-03-2025 - 19:00:25]]></Time>
<TimeTick>1743440425</TimeTick>
<NodeArgs eType="General" icon="0" nRep="19" status="Passed" >
<Disp><![CDATA[Navigate]]></Disp>
</NodeArgs>
</Step>
<Summary sTime="31-03-2025 - 18:59:30" eTime="31-03-2025 - 19:00:25" passed="11" failed="0" warnings="0" ></Summary>
<NodeArgs eType="StartAction" icon="2" nRep="8" status="Passed" >
<Disp><![CDATA[Action Summary]]></Disp>
</NodeArgs>
</Action>
<NodeArgs eType="StartIteration" icon="3" nRep="7" status="Passed" >
<Disp><![CDATA[Bol_Assess_Dam Iteration 1 (Row 1)]]></Disp>
</NodeArgs>
</DIter>
<DIter rID="T16" iterID="2" >
<Action rID="T17">
<AName><![CDATA[Action]]></AName>
<Step rID="T18">
<Obj plainTxt="False" ><![CDATA[Resize]]></Obj>
<Details plainTxt="False" ><![CDATA[1: Resize browser window to 1900px / 1000px was finished]]></Details>
<Time><![CDATA[31-03-2025 - 19:00:27]]></Time>
<TimeTick>1743440427</TimeTick>
<NodeArgs eType="General" icon="0" nRep="24" status="Passed" >
<Disp><![CDATA[Resize]]></Disp>
</NodeArgs>
</Step>
<Step rID="T19">
<Obj plainTxt="False" ><![CDATA[Navigate]]></Obj>
<Details plainTxt="False" ><![CDATA[2: Navigate to https://www.bol.com/nl/nl/ was finished]]></Details>
<Time><![CDATA[31-03-2025 - 19:00:28]]></Time>
<TimeTick>1743440428</TimeTick>
<NodeArgs eType="General" icon="0" nRep="25" status="Passed" >
<Disp><![CDATA[Navigate]]></Disp>
</NodeArgs>
</Step>
<Step rID="T20">
<Obj plainTxt="False" ><![CDATA[Click]]></Obj>
<Details plainTxt="False" ><![CDATA[5: Click on Alles accepteren button was finished]]></Details>
<Time><![CDATA[31-03-2025 - 19:00:36]]></Time>
<TimeTick>1743440436</TimeTick>
<NodeArgs eType="General" icon="0" nRep="26" status="Passed" >
<Disp><![CDATA[Click]]></Disp>
</NodeArgs>
</Step>
<Step rID="T21">
<Obj plainTxt="False" ><![CDATA[Wait]]></Obj>
<Details plainTxt="False" ><![CDATA[8: Wait until Waar ben je naar op zoek? textbox exists was finished]]></Details>
<Time><![CDATA[31-03-2025 - 19:00:36]]></Time>
<TimeTick>1743440436</TimeTick>
<NodeArgs eType="General" icon="0" nRep="27" status="Passed" >
<Disp><![CDATA[Wait]]></Disp>
</NodeArgs>
</Step>
<Step rID="T22">
<Obj plainTxt="False" ><![CDATA[Type]]></Obj>
<Details plainTxt="False" ><![CDATA[13: Type gjgghjgujgug in Waar ben je naar op zoek? textbox was finished]]></Details>
<Time><![CDATA[31-03-2025 - 19:00:45]]></Time>
<TimeTick>1743440445</TimeTick>
<NodeArgs eType="General" icon="0" nRep="28" status="Passed" >
<Disp><![CDATA[Type]]></Disp>
</NodeArgs>
</Step>
<Step rID="T23">
<Obj plainTxt="False" ><![CDATA[Press Key]]></Obj>
<Details plainTxt="False" ><![CDATA[15: Press key Enter on Waar ben je naar op zoek? textbox was finished]]></Details>
<Time><![CDATA[31-03-2025 - 19:00:47]]></Time>
<TimeTick>1743440447</TimeTick>
<NodeArgs eType="General" icon="0" nRep="29" status="Passed" >
<Disp><![CDATA[Press Key]]></Disp>
</NodeArgs>
</Step>
<Step rID="T24">
<Obj plainTxt="False" ><![CDATA[Navigate]]></Obj>
<Details plainTxt="False" ><![CDATA[1.1: Navigate to https://www.bol.com/nl/nl/ was finished]]></Details>
<Time><![CDATA[31-03-2025 - 19:00:53]]></Time>
<TimeTick>1743440453</TimeTick>
<NodeArgs eType="General" icon="0" nRep="30" status="Passed" >
<Disp><![CDATA[Navigate]]></Disp>
</NodeArgs>
</Step>
<Summary sTime="31-03-2025 - 19:00:26" eTime="31-03-2025 - 19:00:53" passed="7" failed="0" warnings="0" ></Summary>
<NodeArgs eType="StartAction" icon="2" nRep="23" status="Passed" >
<Disp><![CDATA[Action Summary]]></Disp>
</NodeArgs>
</Action>
<NodeArgs eType="StartIteration" icon="3" nRep="22" status="Passed" >
<Disp><![CDATA[Bol_Assess_Dam Iteration 2 (Row 2)]]></Disp>
</NodeArgs>
</DIter>
<Action rID="T25">
<AName><![CDATA[End]]></AName>
<Summary sTime="31-03-2025 - 19:00:53" eTime="31-03-2025 - 19:00:53" passed="0" failed="0" warnings="0" ></Summary>
<NodeArgs eType="StartAction" icon="2" nRep="33" >
<Disp><![CDATA[End Summary]]></Disp>
</NodeArgs>
</Action>
<Summary sTime="31-03-2025 - 18:59:22" eTime="31-03-2025 - 19:00:57" passed="18" failed="0" warnings="0" ></Summary>
<NodeArgs eType="StartTest" icon="1" nRep="4" status="Passed" >
<Disp><![CDATA[Test Bol_Assess_Dam Summary]]></Disp>
</NodeArgs>
</Doc>
</Report>