<truLibrary engineVersion="2025.1.0.71" timestamp="Mon Mar 31 2025 18:57:31 GMT+0200 (Central European Summer Time)">
<step type="library" stepId="step:{58bc9837-fde5-00f3-3f88-a74ba792914d}" action="NavigateHome" level="43" arguments="{}" snapshotId="lrnax"><step type="function" stepId="step:{73278912-c211-ed38-a847-32348eb2ec08}" action="HomePage" level="1" arguments="{}" snapshotId="mgvnfltkl" index="1" argsSchema="{}"><step type="block" stepId="step:{73bf2dab-d3ae-6443-df6b-6aac7830b7a8}" action="internal" level="43" arguments="{}" snapshotId="qmmzncp"><step type="testObject" testObject="testObj:{00000000-0000-0000-0000-000000000001}" stepId="step:{cc43f5ed-0196-8a14-ca4e-ea37ff6c2358}" action="Navigate" level="1" arguments="{&quot;Location&quot;:{&quot;value&quot;:&quot;\&quot;https://www.bol.com/nl/nl/\&quot;&quot;,&quot;evalJavaScript&quot;:true}}" snapshotId="bccozsepi" index="1" recDuration="4" autoEndEventChrome="Step network completed"/><step type="control" stepId="step:{f6b559c3-de51-181a-aaf3-f2ace68fe6cd}" action="Exit" level="1" arguments="{}" snapshotId="awjkztsl" index="2"/></step></step></step>
<testObjects><testObject testObjId="testObj:{00000000-0000-0000-0000-000000000001}" platform="web" manualName="browser"><roles><role>browser</role></roles></testObject></testObjects>
<transactions/>
</truLibrary>
