﻿<DataObject comparison="Ordinal">
  <Section id="">
    <Subsections>
      <Section id="General">
        <Subsections />
        <Entries>
          <Entry key="ElapsedTime">
            <double>96.9564279</double>
          </Entry>
          <Entry key="StartedAt">
            <dateTime>2025-03-31T18:59:20.7272786+02:00</dateTime>
          </Entry>
          <Entry key="EndedAt">
            <dateTime>2025-03-31T19:00:57.6837065+02:00</dateTime>
          </Entry>
          <Entry key="ReplayStatus">
            <LastReplayRunStatus>Passed</LastReplayRunStatus>
          </Entry>
          <Entry key="NumberOfReplayErrors">
            <int>0</int>
          </Entry>
          <Entry key="NumberOfReplayCriticalErrors">
            <int>0</int>
          </Entry>
          <Entry key="NumberOfCompilationErrors">
            <int>0</int>
          </Entry>
        </Entries>
      </Section>
    </Subsections>
    <Entries>
      <Entry key="Iterations">
        <int>2</int>
      </Entry>
    </Entries>
  </Section>
</DataObject>